town,world_x,world_y,world_z,pixel_x,pixel_y,r,g,b,texture_state_id
Albany,1724.0,491.7266,-325.0,1724,325,100,0,27,27
Alexandria,1613.0,491.574,-730.0,1613,730,100,0,38,38
Annapolis,1650.0,490.4448,-707.0,1650,707,100,0,17,17
Atlanta,1203.0,493.1458,-1280.0,1203,1280,100,0,8,8
Augusta,1371.0,491.925,-1281.0,1371,1281,100,0,8,8
Austin,226.9996,492.3065,-1680.0,226,1680,100,0,35,35
Baltimore,1635.0,491.574,-680.0,1635,680,100,0,17,17
Bangor,1963.0,490.8263,-28.0,1963,28,100,0,16,16
Baton Rouge,730.9996,490.2159,-1648.0,730,1648,100,0,15,15
Beaumont,511.0,490.0175,-1689.0,511,1689,100,0,35,35
Boston,1907.0,491.2841,-294.0,1907,294,100,0,18,18
Brooklyn,1782.0,489.4682,-491.0,1782,491,100,0,27,27
Buffalo,1415.0,492.2607,-388.0,1415,388,100,0,27,27
Cairo,805.9999,491.7877,-1041.0,805,1041,100,0,9,9
Carrollton,508.9996,497.5864,-1149.0,508,1149,100,0,2,2
Charleston,1324.0,493.3441,-837.0,1324,837,100,0,38,38
Charleston,1533.0,489.3766,-1296.0,1533,1296,100,0,33,33
Charlotte,1432.0,492.7338,-1103.0,1432,1103,100,0,28,28
Chattanooga,1126.0,492.7643,-1183.0,1126,1183,100,0,34,34
Chicago,862.9996,492.3675,-614.0,862,614,100,0,9,9
Cincinnati,1117.0,492.6575,-810.0,1117,810,100,0,29,29
Cleveland,1264.0,492.7032,-570.0,1264,570,100,0,29,29
Columbia,1440.0,491.6961,-1213.0,1440,1213,100,0,33,33
Columbus,1206.0,492.8253,-722.0,1206,722,100,0,29,29
Concord,1853.0,492.0776,-230.0,1853,230,100,0,25,25
Corinth,880.9998,492.0929,-1230.0,880,1230,100,0,21,21
Covington,1108.0,493.0695,-829.0,1108,829,100,0,14,14
Cumberland,1490.0,493.9546,-682.0,1490,682,100,0,17,17
Dallas,334.9999,492.0929,-1471.0,334,1471,100,0,35,35
Davenport,662.9996,492.7338,-657.0,662,657,100,0,12,12
Decatur,991.9996,492.4591,-1242.0,991,1242,100,0,0,0
Detroit,1148.0,492.5812,-506.0,1148,506,100,0,19,19
Dover,1711.0,490.1701,-663.0,1711,663,100,0,6,6
Dubuque,652.9996,493.2984,-575.0,652,575,100,0,12,12
Evansville,918.9996,492.0471,-943.0,918,943,100,0,11,11
Fort Smith,462.9996,492.3217,-1227.0,462,1227,100,0,2,2
Fort Wayne,1053.0,492.6422,-655.0,1053,655,100,0,11,11
Frederick,1589.0,492.2149,-673.0,1589,673,100,0,17,17
Galveston,427.9996,490.0481,-1766.0,427,1766,100,0,35,35
Grafton,1416.0,498.0747,-728.0,1416,728,100,0,38,38
Grenada,795.9998,491.513,-1340.0,795,1340,100,0,21,21
Harrisburg,1602.0,492.276,-592.0,1602,592,100,0,31,31
Hartford,1823.0,491.4062,-382.0,1823,382,100,0,4,4
Indianapolis,985.9996,492.7032,-778.0,985,778,100,0,11,11
Indianola,305.9996,489.9565,-1851.0,305,1851,100,0,35,35
Jackson,781.9998,491.7266,-1475.0,781,1475,100,0,21,21
Jacksonville,1447.0,490.3227,-1546.0,1447,1546,100,0,7,7
Knoxville,1206.0,493.9393,-1075.0,1206,1075,100,0,34,34
Lansing,1048.0,493.0695,-496.0,1048,496,100,0,19,19
Leavenworth,386.9996,493.6494,-869.0,386,869,100,0,13,13
Little Rock,611.9996,491.7266,-1280.0,611,1280,100,0,2,2
Louisville,1043.0,492.2912,-911.0,1043,911,100,0,14,14
Lowell,1883.0,491.3756,-275.0,1883,275,100,0,18,18
Lynchburg,1501.0,493.1,-893.0,1501,893,100,0,38,38
Macon,1268.0,492.0623,-1356.0,1268,1356,100,0,8,8
Marietta,1325.0,493.0695,-741.0,1325,741,100,0,29,29
Memphis,772.9996,491.6351,-1226.0,772,1226,100,0,34,34
Milwaukee,826.9996,492.749,-504.0,826,504,100,0,40,40
Mobile,958.9996,490.9942,-1597.0,958,1597,100,0,0,0
Montgomery,1079.0,491.5435,-1431.0,1079,1431,100,0,0,0
Montpelier,1760.0,493.0085,-167.0,1760,167,100,0,37,37
Montreal,1641.0,490.9637,-110.0,1641,110,100,0,41,41
Nashville,990.9996,492.5049,-1112.0,990,1112,100,0,34,34
Nassau,1876.0,489.4071,-1924.0,1876,1924,100,0,45,45
New Haven,1829.0,491.3146,-420.0,1829,420,100,0,4,4
New Orleans,813.9996,490.0175,-1680.0,813,1680,100,0,15,15
New York,1777.0,489.2545,-475.0,1777,475,100,0,27,27
Newark,1761.0,491.3604,-492.0,1761,492,100,0,26,26
Norfolk,1723.0,489.2393,-883.0,1723,883,100,0,38,38
Ottawa,1545.0,491.7724,-143.0,1545,143,100,0,41,41
Pensacola,1028.0,490.0175,-1604.0,1028,1604,100,0,7,7
Peoria,741.9996,492.3828,-723.0,741,723,100,0,9,9
Petersburg,1631.0,490.5669,-867.0,1631,867,100,0,38,38
Philadelphia,1711.0,491.5283,-585.0,1711,585,100,0,31,31
Pittsburgh,1392.0,493.7714,-642.0,1392,642,100,0,31,31
Portland,1911.0,491.4977,-158.0,1911,158,100,0,16,16
Providence,1902.0,491.5283,-351.0,1902,351,100,0,32,32
Quincy,635.9996,492.3675,-804.0,635,804,100,0,9,9
Raleigh,1568.0,492.0166,-1015.0,1568,1015,100,0,28,28
Richmond,1619.0,491.2536,-835.0,1619,835,100,0,38,38
Rochester,1492.0,491.8792,-357.0,1492,357,100,0,27,27
Rutland,1749.0,493.2831,-231.0,1749,231,100,0,37,37
San Antonio,158.9996,492.688,-1760.0,158,1760,100,0,35,35
Savannah,1463.0,490.1091,-1386.0,1463,1386,100,0,8,8
Shreveport,507.9996,491.4825,-1486.0,507,1486,100,0,15,15
Springfield,751.9996,492.3675,-807.0,751,807,100,0,9,9
Springfield,1825.0,491.5435,-346.0,1825,346,100,0,18,18
St.Joseph,400.9996,493.6494,-840.0,400,840,100,0,22,22
St.Louis,717.9996,492.337,-916.0,717,916,100,0,22,22
St.Paul,481.9996,493.0695,-364.0,481,364,100,0,20,20
Syracuse,1579.0,491.925,-338.0,1579,338,100,0,27,27
Tallahassee,1256.0,490.2312,-1582.0,1256,1582,100,0,7,7
Toledo,1122.0,492.7338,-583.0,1122,583,100,0,29,29
Toronto,1361.0,492.4896,-331.0,1361,331,100,0,41,41
Trenton,1736.0,491.2078,-550.0,1736,550,100,0,26,26
Tuscaloosa,978.9996,491.7571,-1381.0,978,1381,100,0,0,0
Utica,1626.0,492.1539,-329.0,1626,329,100,0,27,27
Vicksburg,731.9998,491.574,-1478.0,731,1478,100,0,21,21
Washington,1622.0,491.3451,-713.0,1622,713,100,0,46,46
Wheeling,1357.0,493.8782,-669.0,1357,669,100,0,38,38
Wilmington,1661.0,489.926,-1140.0,1661,1140,100,0,28,28
Winchester,1534.0,492.7643,-710.0,1534,710,100,0,38,38
Worcester,1862.0,492.5201,-316.0,1862,316,100,0,18,18
